IndicatorID,IndicatorName,Age,Sex,TimePeriod,TimePeriodSortable,PeriodStart,PeriodEnd,PeriodMidYear,Value,LowerCI95,UpperCI95,Count,Denominator,ValueNote,RecentTrend,RateScale,RateUnit,IsLatestPeriod
90801,Child mortality rate (1 to 17 years),1-17 yrs,Persons,2001 - 03,20010000,2001,2003,2002.0,18.04295,17.57838,18.51669,5722.0,31692579.0,,,100000.0,"per 100,000",False
90801,Child mortality rate (1 to 17 years),1-17 yrs,Persons,2002 - 04,20020000,2002,2004,2003.0,17.44815,16.99113,17.91436,5528.0,31615077.0,,,100000.0,"per 100,000",False
90801,Child mortality rate (1 to 17 years),1-17 yrs,Persons,2003 - 05,20030000,2003,2005,2004.0,16.85052,16.40151,17.30871,5341.0,31553471.0,,,100000.0,"per 100,000",False
90801,Child mortality rate (1 to 17 years),1-17 yrs,Persons,2004 - 06,20040000,2004,2006,2005.0,16.56734,16.12259,17.02124,5263.0,31502652.0,,,100000.0,"per 100,000",False
90801,Child mortality rate (1 to 17 years),1-17 yrs,Persons,2005 - 07,20050000,2005,2007,2006.0,16.37229,15.93108,16.82261,5225.0,31502024.0,,,100000.0,"per 100,000",False
90801,Child mortality rate (1 to 17 years),1-17 yrs,Persons,2006 - 08,20060000,2006,2008,2007.0,15.90867,15.47475,16.35167,5104.0,31531740.0,,,100000.0,"per 100,000",False
90801,Child mortality rate (1 to 17 years),1-17 yrs,Persons,2007 - 09,20070000,2007,2009,2008.0,15.10989,14.68802,15.54078,4875.0,31613508.0,,,100000.0,"per 100,000",False
90801,Child mortality rate (1 to 17 years),1-17 yrs,Persons,2008 - 10,20080000,2008,2010,2009.0,14.22178,13.81314,14.63942,4606.0,31710702.0,,,100000.0,"per 100,000",False
90801,Child mortality rate (1 to 17 years),1-17 yrs,Persons,2009 - 11,20090000,2009,2011,2010.0,13.27533,12.88141,13.67821,4321.0,31837814.0,,,100000.0,"per 100,000",False
90801,Child mortality rate (1 to 17 years),1-17 yrs,Persons,2010 - 12,20100000,2010,2012,2011.0,12.51531,12.13369,12.90585,4094.0,31981433.0,,,100000.0,"per 100,000",False
90801,Child mortality rate (1 to 17 years),1-17 yrs,Persons,2011 - 13,20110000,2011,2013,2012.0,11.95464,11.58268,12.33547,3934.0,32173216.0,,,100000.0,"per 100,000",False
90801,Child mortality rate (1 to 17 years),1-17 yrs,Persons,2012 - 14,20120000,2012,2014,2013.0,12.00281,11.63048,12.38399,3961.0,32386473.0,,,100000.0,"per 100,000",False
90801,Child mortality rate (1 to 17 years),1-17 yrs,Persons,2013 - 15,20130000,2013,2015,2014.0,11.97993,11.60855,12.36014,3967.0,32609331.0,,,100000.0,"per 100,000",False
90801,Child mortality rate (1 to 17 years),1-17 yrs,Persons,2014 - 16,20140000,2014,2016,2015.0,11.71613,11.34907,12.092,3882.0,32817285.0,,,100000.0,"per 100,000",False
90801,Child mortality rate (1 to 17 years),1-17 yrs,Persons,2015 - 17,20150000,2015,2017,2016.0,11.33376,10.97277,11.70358,3752.0,33011343.0,,,100000.0,"per 100,000",False
90801,Child mortality rate (1 to 17 years),1-17 yrs,Persons,2016 - 18,20160000,2016,2018,2017.0,11.10413,10.74678,11.47032,3671.0,33200884.0,,,100000.0,"per 100,000",False
90801,Child mortality rate (1 to 17 years),1-17 yrs,Persons,2017 - 19,20170000,2017,2019,2018.0,10.94408,10.59,11.30697,3627.0,33369499.0,,,100000.0,"per 100,000",False
90801,Child mortality rate (1 to 17 years),1-17 yrs,Persons,2018 - 20,20180000,2018,2020,2019.0,10.42762,10.0831,10.78089,3471.0,33488968.0,,,100000.0,"per 100,000",False
90801,Child mortality rate (1 to 17 years),1-17 yrs,Persons,2019 - 21,20190000,2019,2021,2020.0,10.04487,9.7075,10.39097,3353.0,33547677.0,,,100000.0,"per 100,000",False
90801,Child mortality rate (1 to 17 years),1-17 yrs,Persons,2020 - 22,20200000,2020,2022,2021.0,10.4238021016145,10.0810031300475,10.7752825764061,3496.0,33677139.0,,,100000.0,"per 100,000",False
90801,Child mortality rate (1 to 17 years),1-17 yrs,Persons,2021 - 23,20210000,2021,2023,2022.0,11.2093993544434,10.8557440098631,11.5716405313656,3800.0,33971343.0,,,100000.0,"per 100,000",False
90801,Child mortality rate (1 to 17 years),1-17 yrs,Persons,2022 - 24,20220000,2022,2024,2023.0,11.5939085658285,11.2367409861832,11.959538770888,3987.0,34397030.0,,Cannot be calculated,100000.0,"per 100,000",True
92196,Infant mortality rate,<1 yr,Persons,2001 - 03,20010000,2001,2003,2002.0,5.35682,5.24797,5.46736,9210.0,1719304.0,,,1000.0,"per 1,000",False
92196,Infant mortality rate,<1 yr,Persons,2002 - 04,20020000,2002,2004,2003.0,5.22765,5.12145,5.33549,9215.0,1762744.0,,,1000.0,"per 1,000",False
92196,Infant mortality rate,<1 yr,Persons,2003 - 05,20030000,2003,2005,2004.0,5.13297,5.02912,5.23842,9291.0,1810063.0,,,1000.0,"per 1,000",False
92196,Infant mortality rate,<1 yr,Persons,2004 - 06,20040000,2004,2006,2005.0,5.03136,4.92982,5.13446,9338.0,1855960.0,,,1000.0,"per 1,000",False
92196,Infant mortality rate,<1 yr,Persons,2005 - 07,20050000,2005,2007,2006.0,4.93505,4.83577,5.03586,9397.0,1904133.0,,,1000.0,"per 1,000",False
92196,Infant mortality rate,<1 yr,Persons,2006 - 08,20060000,2006,2008,2007.0,4.83881,4.742,4.93709,9503.0,1963914.0,,,1000.0,"per 1,000",False
92196,Infant mortality rate,<1 yr,Persons,2007 - 09,20070000,2007,2009,2008.0,4.71233,4.61765,4.80846,9421.0,1999224.0,,,1000.0,"per 1,000",False
92196,Infant mortality rate,<1 yr,Persons,2008 - 10,20080000,2008,2010,2009.0,4.55961,4.46721,4.65345,9260.0,2030874.0,,,1000.0,"per 1,000",False
92196,Infant mortality rate,<1 yr,Persons,2009 - 11,20090000,2009,2011,2010.0,4.42873,4.33801,4.52087,9062.0,2046185.0,,,1000.0,"per 1,000",False
92196,Infant mortality rate,<1 yr,Persons,2010 - 12,20100000,2010,2012,2011.0,4.26314,4.17464,4.35304,8822.0,2069368.0,,,1000.0,"per 1,000",False
92196,Infant mortality rate,<1 yr,Persons,2011 - 13,20110000,2011,2013,2012.0,4.13654,4.0489,4.22561,8467.0,2046878.0,,,1000.0,"per 1,000",False
92196,Infant mortality rate,<1 yr,Persons,2012 - 14,20120000,2012,2014,2013.0,3.97425,3.88779,4.06215,8029.0,2020254.0,,,1000.0,"per 1,000",False
92196,Infant mortality rate,<1 yr,Persons,2013 - 15,20130000,2013,2015,2014.0,3.88563,3.79951,3.97321,7734.0,1990412.0,,,1000.0,"per 1,000",False
92196,Infant mortality rate,<1 yr,Persons,2014 - 16,20140000,2014,2016,2015.0,3.87622,3.79018,3.96373,7710.0,1989050.0,,,1000.0,"per 1,000",False
92196,Infant mortality rate,<1 yr,Persons,2015 - 17,20150000,2015,2017,2016.0,3.91724,3.83042,4.00554,7734.0,1974348.0,,,1000.0,"per 1,000",False
92196,Infant mortality rate,<1 yr,Persons,2016 - 18,20160000,2016,2018,2017.0,3.93056,3.84273,4.0199,7608.0,1935600.0,,,1000.0,"per 1,000",False
92196,Infant mortality rate,<1 yr,Persons,2017 - 19,20170000,2017,2019,2018.0,3.94806,3.85882,4.03885,7434.0,1882950.0,,,1000.0,"per 1,000",False
92196,Infant mortality rate,<1 yr,Persons,2018 - 20,20180000,2018,2020,2019.0,3.90424,3.81402,3.99606,7111.0,1821351.0,,,1000.0,"per 1,000",False
92196,Infant mortality rate,<1 yr,Persons,2019 - 21,20190000,2019,2021,2020.0,3.92711,3.83588,4.01996,7036.0,1791648.0,,,1000.0,"per 1,000",False
92196,Infant mortality rate,<1 yr,Persons,2020 - 22,20200000,2020,2022,2021.0,3.93473,3.84255,4.02856,6918.0,1758189.0,,,1000.0,"per 1,000",False
92196,Infant mortality rate,<1 yr,Persons,2021 - 23,20210000,2021,2023,2022.0,4.05976,3.96554,4.15566,7050.0,1736555.0,,,1000.0,"per 1,000",False
92196,Infant mortality rate,<1 yr,Persons,2022 - 24,20220000,2022,2024,2023.0,4.16609348978379,4.06985942209315,4.26402858590237,7117.0,1708315.0,,Cannot be calculated,1000.0,"per 1,000",True
92705,Neonatal mortality rate,<28 days,Persons,2001 - 03,20010000,2001,2003,2002.0,3.60844,3.5192,3.69937,6204.0,1719304.0,,,1000.0,"per 1,000",False
92705,Neonatal mortality rate,<28 days,Persons,2002 - 04,20020000,2002,2004,2003.0,3.56887,3.48122,3.65817,6291.0,1762744.0,,,1000.0,"per 1,000",False
92705,Neonatal mortality rate,<28 days,Persons,2003 - 05,20030000,2003,2005,2004.0,3.51811,3.43223,3.6056,6368.0,1810063.0,,,1000.0,"per 1,000",False
92705,Neonatal mortality rate,<28 days,Persons,2004 - 06,20040000,2004,2006,2005.0,3.48391,3.39951,3.56988,6466.0,1855960.0,,,1000.0,"per 1,000",False
92705,Neonatal mortality rate,<28 days,Persons,2005 - 07,20050000,2005,2007,2006.0,3.41468,3.33218,3.4987,6502.0,1904133.0,,,1000.0,"per 1,000",False
92705,Neonatal mortality rate,<28 days,Persons,2006 - 08,20060000,2006,2008,2007.0,3.34434,3.26395,3.42622,6568.0,1963914.0,,,1000.0,"per 1,000",False
92705,Neonatal mortality rate,<28 days,Persons,2007 - 09,20070000,2007,2009,2008.0,3.22925,3.15096,3.309,6456.0,1999224.0,,,1000.0,"per 1,000",False
92705,Neonatal mortality rate,<28 days,Persons,2008 - 10,20080000,2008,2010,2009.0,3.12132,3.04495,3.19912,6339.0,2030874.0,,,1000.0,"per 1,000",False
92705,Neonatal mortality rate,<28 days,Persons,2009 - 11,20090000,2009,2011,2010.0,3.05642,2.98113,3.13313,6254.0,2046185.0,,,1000.0,"per 1,000",False
92705,Neonatal mortality rate,<28 days,Persons,2010 - 12,20100000,2010,2012,2011.0,2.95404,2.88045,3.02904,6113.0,2069368.0,,,1000.0,"per 1,000",False
92705,Neonatal mortality rate,<28 days,Persons,2011 - 13,20110000,2011,2013,2012.0,2.87071,2.79778,2.94507,5876.0,2046878.0,,,1000.0,"per 1,000",False
92705,Neonatal mortality rate,<28 days,Persons,2012 - 14,20120000,2012,2014,2013.0,2.75411,2.68221,2.82744,5564.0,2020254.0,,,1000.0,"per 1,000",False
92705,Neonatal mortality rate,<28 days,Persons,2013 - 15,20130000,2013,2015,2014.0,2.70798,2.63617,2.78126,5390.0,1990412.0,,,1000.0,"per 1,000",False
92705,Neonatal mortality rate,<28 days,Persons,2014 - 16,20140000,2014,2016,2015.0,2.73799,2.66575,2.81169,5446.0,1989050.0,,,1000.0,"per 1,000",False
92705,Neonatal mortality rate,<28 days,Persons,2015 - 17,20150000,2015,2017,2016.0,2.79738,2.72408,2.87215,5523.0,1974348.0,,,1000.0,"per 1,000",False
92705,Neonatal mortality rate,<28 days,Persons,2016 - 18,20160000,2016,2018,2017.0,2.82961,2.75517,2.90556,5477.0,1935600.0,,,1000.0,"per 1,000",False
92705,Neonatal mortality rate,<28 days,Persons,2017 - 19,20170000,2017,2019,2018.0,2.85775,2.7819,2.93515,5381.0,1882950.0,,,1000.0,"per 1,000",False
92705,Neonatal mortality rate,<28 days,Persons,2018 - 20,20180000,2018,2020,2019.0,2.82977,2.75303,2.9081,5154.0,1821351.0,,,1000.0,"per 1,000",False
92705,Neonatal mortality rate,<28 days,Persons,2019 - 21,20190000,2019,2021,2020.0,2.84096,2.76344,2.9201,5090.0,1791648.0,,,1000.0,"per 1,000",False
92705,Neonatal mortality rate,<28 days,Persons,2020 - 22,20200000,2020,2022,2021.0,2.86488,2.7863,2.94511,5037.0,1758189.0,,,1000.0,"per 1,000",False
92705,Neonatal mortality rate,<28 days,Persons,2021 - 23,20210000,2021,2023,2022.0,2.97198,2.89144,3.05419,5161.0,1736555.0,,,1000.0,"per 1,000",False
92705,Neonatal mortality rate,<28 days,Persons,2022 - 24,20220000,2022,2024,2023.0,3.06500850253027,2.98254472540386,3.1491744296419,5236.0,1708315.0,,Cannot be calculated,1000.0,"per 1,000",True
92706,Post-neonatal mortality rate,28 days - 1 yr,Persons,2001 - 03,20010000,2001,2003,2002.0,1.74838,1.68643,1.81202,3006.0,1719304.0,,,1000.0,"per 1,000",False
92706,Post-neonatal mortality rate,28 days - 1 yr,Persons,2002 - 04,20020000,2002,2004,2003.0,1.65878,1.59919,1.72001,2924.0,1762744.0,,,1000.0,"per 1,000",False
92706,Post-neonatal mortality rate,28 days - 1 yr,Persons,2003 - 05,20030000,2003,2005,2004.0,1.61486,1.55684,1.67449,2923.0,1810063.0,,,1000.0,"per 1,000",False
92706,Post-neonatal mortality rate,28 days - 1 yr,Persons,2004 - 06,20040000,2004,2006,2005.0,1.54745,1.49136,1.6051,2872.0,1855960.0,,,1000.0,"per 1,000",False
92706,Post-neonatal mortality rate,28 days - 1 yr,Persons,2005 - 07,20050000,2005,2007,2006.0,1.52038,1.46549,1.57679,2895.0,1904133.0,,,1000.0,"per 1,000",False
92706,Post-neonatal mortality rate,28 days - 1 yr,Persons,2006 - 08,20060000,2006,2008,2007.0,1.49446,1.44088,1.54953,2935.0,1963914.0,,,1000.0,"per 1,000",False
92706,Post-neonatal mortality rate,28 days - 1 yr,Persons,2007 - 09,20070000,2007,2009,2008.0,1.48308,1.43017,1.53744,2965.0,1999224.0,,,1000.0,"per 1,000",False
92706,Post-neonatal mortality rate,28 days - 1 yr,Persons,2008 - 10,20080000,2008,2010,2009.0,1.4383,1.38661,1.49142,2921.0,2030874.0,,,1000.0,"per 1,000",False
92706,Post-neonatal mortality rate,28 days - 1 yr,Persons,2009 - 11,20090000,2009,2011,2010.0,1.37231,1.32202,1.42403,2808.0,2046185.0,,,1000.0,"per 1,000",False
92706,Post-neonatal mortality rate,28 days - 1 yr,Persons,2010 - 12,20100000,2010,2012,2011.0,1.3091,1.26026,1.35934,2709.0,2069368.0,,,1000.0,"per 1,000",False
92706,Post-neonatal mortality rate,28 days - 1 yr,Persons,2011 - 13,20110000,2011,2013,2012.0,1.26583,1.21755,1.31553,2591.0,2046878.0,,,1000.0,"per 1,000",False
92706,Post-neonatal mortality rate,28 days - 1 yr,Persons,2012 - 14,20120000,2012,2014,2013.0,1.22014,1.17245,1.26928,2465.0,2020254.0,,,1000.0,"per 1,000",False
92706,Post-neonatal mortality rate,28 days - 1 yr,Persons,2013 - 15,20130000,2013,2015,2014.0,1.17765,1.13045,1.22631,2344.0,1990412.0,,,1000.0,"per 1,000",False
92706,Post-neonatal mortality rate,28 days - 1 yr,Persons,2014 - 16,20140000,2014,2016,2015.0,1.13823,1.09182,1.18611,2264.0,1989050.0,,,1000.0,"per 1,000",False
92706,Post-neonatal mortality rate,28 days - 1 yr,Persons,2015 - 17,20150000,2015,2017,2016.0,1.11986,1.07367,1.16754,2211.0,1974348.0,,,1000.0,"per 1,000",False
92706,Post-neonatal mortality rate,28 days - 1 yr,Persons,2016 - 18,20160000,2016,2018,2017.0,1.10095,1.0547,1.14871,2131.0,1935600.0,,,1000.0,"per 1,000",False
92706,Post-neonatal mortality rate,28 days - 1 yr,Persons,2017 - 19,20170000,2017,2019,2018.0,1.09031,1.04365,1.13852,2053.0,1882950.0,,,1000.0,"per 1,000",False
92706,Post-neonatal mortality rate,28 days - 1 yr,Persons,2018 - 20,20180000,2018,2020,2019.0,1.07448,1.02739,1.12316,1957.0,1821351.0,,,1000.0,"per 1,000",False
92706,Post-neonatal mortality rate,28 days - 1 yr,Persons,2019 - 21,20190000,2019,2021,2020.0,1.08615,1.03842,1.13551,1946.0,1791648.0,,,1000.0,"per 1,000",False
92706,Post-neonatal mortality rate,28 days - 1 yr,Persons,2020 - 22,20200000,2020,2022,2021.0,1.06985,1.02204,1.11932,1881.0,1758189.0,,,1000.0,"per 1,000",False
92706,Post-neonatal mortality rate,28 days - 1 yr,Persons,2021 - 23,20210000,2021,2023,2022.0,1.08779,1.03928,1.13797,1889.0,1736555.0,,,1000.0,"per 1,000",False
92706,Post-neonatal mortality rate,28 days - 1 yr,Persons,2022 - 24,20220000,2022,2024,2023.0,1.10108498725352,1.05188217492819,1.15199520574243,1881.0,1708315.0,,Cannot be calculated,1000.0,"per 1,000",True
92530,Stillbirth rate,0 yrs,Persons,2001 - 03,20010000,2001,2003,2002.0,5.55093,5.44042,5.66311,9597.0,1728901.0,,,1000.0,"per 1,000",False
92530,Stillbirth rate,0 yrs,Persons,2002 - 04,20020000,2002,2004,2003.0,5.69201,5.58149,5.80417,10091.0,1772835.0,,,1000.0,"per 1,000",False
92530,Stillbirth rate,0 yrs,Persons,2003 - 05,20030000,2003,2005,2004.0,5.59703,5.48887,5.70679,10188.0,1820251.0,,,1000.0,"per 1,000",False
92530,Stillbirth rate,0 yrs,Persons,2004 - 06,20040000,2004,2006,2005.0,5.4663,5.36073,5.57343,10201.0,1866161.0,,,1000.0,"per 1,000",False
92530,Stillbirth rate,0 yrs,Persons,2005 - 07,20050000,2005,2007,2006.0,5.29185,5.1893,5.39593,10130.0,1914263.0,,,1000.0,"per 1,000",False
92530,Stillbirth rate,0 yrs,Persons,2006 - 08,20060000,2006,2008,2007.0,5.19661,5.09653,5.29815,10259.0,1974173.0,,,1000.0,"per 1,000",False
92530,Stillbirth rate,0 yrs,Persons,2007 - 09,20070000,2007,2009,2008.0,5.13945,5.04081,5.23955,10328.0,2009552.0,,,1000.0,"per 1,000",False
92530,Stillbirth rate,0 yrs,Persons,2008 - 10,20080000,2008,2010,2009.0,5.10461,5.00706,5.20357,10420.0,2041294.0,,,1000.0,"per 1,000",False
92530,Stillbirth rate,0 yrs,Persons,2009 - 11,20090000,2009,2011,2010.0,5.15948,5.06178,5.25859,10612.0,2056797.0,,,1000.0,"per 1,000",False
92530,Stillbirth rate,0 yrs,Persons,2010 - 12,20100000,2010,2012,2011.0,5.03979,4.94376,5.13721,10482.0,2079850.0,,,1000.0,"per 1,000",False
92530,Stillbirth rate,0 yrs,Persons,2011 - 13,20110000,2011,2013,2012.0,4.89996,4.80476,4.99657,10079.0,2056957.0,,,1000.0,"per 1,000",False
92530,Stillbirth rate,0 yrs,Persons,2012 - 14,20120000,2012,2014,2013.0,4.6838,4.59012,4.77892,9507.0,2029761.0,,,1000.0,"per 1,000",False
92530,Stillbirth rate,0 yrs,Persons,2013 - 15,20130000,2013,2015,2014.0,4.55211,4.45906,4.6466,9102.0,1999514.0,,,1000.0,"per 1,000",False
92530,Stillbirth rate,0 yrs,Persons,2014 - 16,20140000,2014,2016,2015.0,4.45158,4.35954,4.54507,8894.0,1997944.0,,,1000.0,"per 1,000",False
92530,Stillbirth rate,0 yrs,Persons,2015 - 17,20150000,2015,2017,2016.0,4.29982,4.20903,4.39208,8526.0,1982874.0,,,1000.0,"per 1,000",False
92530,Stillbirth rate,0 yrs,Persons,2016 - 18,20160000,2016,2018,2017.0,4.16424,4.074,4.25596,8094.0,1943694.0,,,1000.0,"per 1,000",False
92530,Stillbirth rate,0 yrs,Persons,2017 - 19,20170000,2017,2019,2018.0,3.99102,3.90147,4.08211,7545.0,1890495.0,,,1000.0,"per 1,000",False
92530,Stillbirth rate,0 yrs,Persons,2018 - 20,20180000,2018,2020,2019.0,3.88143,3.79165,3.97281,7097.0,1828448.0,,,1000.0,"per 1,000",False
92530,Stillbirth rate,0 yrs,Persons,2019 - 21,20190000,2019,2021,2020.0,3.90732,3.8165,3.99976,7028.0,1798676.0,,,1000.0,"per 1,000",False
92530,Stillbirth rate,0 yrs,Persons,2020 - 22,20200000,2020,2022,2021.0,3.94188,3.8498,4.03561,6958.0,1765147.0,,,1000.0,"per 1,000",False
92530,Stillbirth rate,0 yrs,Persons,2021 - 23,20210000,2021,2023,2022.0,3.99022,3.897,4.08511,6957.0,1743512.0,,,1000.0,"per 1,000",False
92530,Stillbirth rate,0 yrs,Persons,2022 - 24,20220000,2022,2024,2023.0,3.89970163317499,3.80679381892754,3.99430405508697,6688.0,1715003.0,,Cannot be calculated,1000.0,"per 1,000",True
